text_index,subject,predicate,object,subject_lemma,predicate_lemma,informative
0,63% россиян,считают,забота,63% россиянин,считать,True
0,забота,это стремление,сделать жизнь партнёра проще,забота,это стремление,True
0,забота,состоит,из умения предугадывать потребности,забота,состоять,True
0,забота,состоит,из эмоциональной связи,забота,состоять,True
0,55% респондентов,чувствуют себя любимыми,когда партнер покупает нужные вещи без напоминаний,55% респондент,чувствовать себя любимый,True
0,49%,ценят,"помощь с задачами, на которые не хватает сил",49%,ценить,True
0,38%,воспринимают как проявление заботы,собранный на работу обед или заранее подготовленную одежду,38%,воспринимать как проявление забота,True
0,они,называют,приготовление чая или кофе (48%),они,называть,False
0,каждый третий опрошенный,предпочитает выражать,"заботу, встречая партнера после работы (33%)",каждый третий опросить,предпочитать выражать,True
0,участники,назвали,помощь с уборкой дома (43%),участник,назвать,True
0,участники,назвали,помощь с ремонтом (42%),участник,назвать,True
1,организаторы,объявили,вторую волну участников музыкальной программы,организатор,объявить,True
1,организаторы,отмечают,"для детей предусмотрен отдельный городок с театром, конструктором, кулинарной и спортивной зонами и площадкой «Малышариков»",организатор,отмечать,True
2,Активисты,оспаривают,статью городского закона «Об объектах культурного наследия»,активист,оспаривать,True
2,суд,встал на сторону,ответчиков,суд,встать на сторона,True
2,«Архнадзор»,намерен продолжать обжаловать,её,архнадзор,намеренный продолжать обжаловать,True
2,вы,расскажите,начала «Архнадзор»,вы,рассказать,False
2,"проект «Москва, которой нет»",образовался,"проект «Москва, которой нет»",проект москва который нет,образоваться,True
2,потребность в градозащите,была,велика,потребность в градозащита,быть,True
2,"«Москва, которой нет»",приняла на себя,эту роль,москва который нет,принять на себя,True
2,градозащитники,задумались о,"коалиции, об объединении усилий",градозащитник,задуматься о,True
2,«Архнадзор»,появился,«Архнадзор»,архнадзор,появиться,True
2,предпосылкой,стало,изменение характера информационных технологий,предпосылка,стать,True
2,интернет,достиг,"такого состояния, что градозащита приняла современные формы",интернет,достигнуть,True
2,собственные площадки,появились,"собственные площадки, которые стали нашим рупором",собственный площадка,появиться,True
2,Мосгордума,приняла закон,выявленные объекты культурного наследия должны были пройти экспертизу на включение в Единый государственный реестр до 1 июля 2025 г.,мосгордума,принять закон,True
2,исключенных зданий,более,1300,исключить здание,более,True
2,города,ответили,принятие закона позволило усилить и упорядочить контроль за состоянием объектов культурного наследия в столице,город,ответить,False
2,новый закон,помогает,более эффективно охранять и использовать в интересах москвичей выявленные объекты культурного наследия,новый закон,помогать,True
2,мы,стараемся,грамотно распределять ресурсы,мы,стараться,False
2,мы,не реагировать,уже не получается,мы,не реагировать,False
2,работа архитекторов-реставраторов на натуре,состоит из,"искусствоведов, историков архитектуры, историков искусства, художников-реставраторов, некрополистов",работа архитектор реставратор на натура,состоять из,True
2,многих исследователей,нет,на свете,многий исследователь,нет,True
2,кто-то из них,в,преклонном возрасте,кто то из они,в,True
2,закон,поощряет,вандализм,закон,поощрять,True
2,памятнику,достаточно быть,"выявленным, чтобы находиться под защитой закона",памятник,достаточно быть,True
2,мэрия Москвы,прекратила принимать,заявки о постановке зданий на госохрану,мэрия москва,прекратить принимать,True
2,мы,создали,список «Реновация без сноса»,мы,создать,False
2,список,выглядел,как приложение к документам по реновации,список,выглядеть,True
2,мы,стараемся,противостоять разрушению,мы,стараться,False
2,мы,участвуем,в работе Госдумы,мы,участвовать,False
2,мы,входим,в рабочую группу при комитете по культуре,мы,входить,False
2,поправки 2015 г.,были приняты,в закон «Об объектах культурного наследия»,поправка 2015 г,быть принять,True
2,памятники,выявляются,по нескольким основным направлениям,памятник,выявляться,True
2,объект культурного наследия,это не всегда,памятник архитектуры,объект культурный наследие,это не всегда,True
2,мемориальное здание,это может быть,"мемориальное здание самого скромного вида, в котором кто-нибудь родился, жил, творил, бывал",мемориальный здание,это мочь быть,True
2,закон,ставит ограничение,в 40 лет для подачи заявки на охрану,закон,ставить ограничение,True
2,закон,называется,«Об объектах культурного наследия»,закон,называться,True
2,"домике, где родился Чехов, или в домике Лермонтова в Тамани или в Пятигорске",ценны,по соображениям мемориальности,домик где родиться чехов или в домик лермонтов в тамань или в пятигорск,ценный,True
2,на его втором этаже,была,мастерская Тропинина,на он второй этаж,быть,True
2,на его третьем этаже с большим окном,была,мастерская Серова,на он третий этаж с больший окно,быть,True
2,У каждого памятника,есть,охранная зона,у каждый памятник,есть,True
2,Закон,нет,защиты самой исторической среды,закон,нет,True
2,режим охранной зоны,запрещает,строительную деятельность на этом месте,режим охранный зона,запрещать,True
2,режим и границы охранной зоны,могут меняться,,режим и граница охранный зона,мочь меняться,True
2,девелоперы,идут,в центр,девелопер,идти,True
2,небоскреб на Старой Басманной улице,ставится,прямо на линии классической московской переклички,небоскрёб на старый басманный улица,ставиться,True
2,современный модернизм,культивирует и эксплуатирует,дисгармонию и наследие для создания контрастов,современный модернизм,культивировать и эксплуатировать,True
2,старообрядческая церковь,создает,образ,старообрядческий церковь,создавать,True
2,модернизму,привычно вышибать,историческую среду,модернизм,привычно вышибать,True
2,в Петербурге,сложнее принимаются решения,о сносе исторических зданий,в петербург,сложный приниматься решение,True
2,стиль модерн,не находил места,на левом берегу Невы,стиль модерн,не находить место,True
2,город на левом берегу,эклектичен,в огромной степени,город на левый берег,эклектичный,True
2,город-модерн,возник,Петроградская сторона,город модерн,возникнуть,True
2,город,склеен,стена к стене,город,склеить,False
2,город,был,очень просторный,город,быть,False
2,условия,боролись,доходный дом,условие,бороться,True
2,усадебная структура,боролась,с доходной структурой,усадебный структура,бороться,True
2,усадебная структура,сохранила,господство,усадебный структура,сохранить,True
2,открытые пространства,riskуют,оказаться предметом агрессии,открытый пространство,riskуют,True
2,В Москве,идет борьба,за воздух,в москва,идти борьба,True
2,Москва,поменялась,радикально,москва,поменяться,True
2,Благоустройство,это,преходящее,благоустройство,это,True
2,небоскребы,замеряют уровень критики,на Старой Басманной,небоскрёб,замерять уровень критика,True
2,небоскребы,вызывают,сильную критику на Садовом кольце,небоскрёб,вызывать,True
2,у нас,есть,координационный совет градозащитных организаций России,у мы,есть,True
2,в него,входят,активные отделения ВООПИК,в он,входить,True
2,так и организации,вне,ВООПИКа,так и организация,вне,True
2,мы,собирали,съезды,мы,собирать,False
2,мы,выработали,законотворческую хартию,мы,выработать,False
2,федеральные проекты,есть,,федеральный проект,есть,True
2,проект «Консервация» центрального совета ВООПИК,включает,волонтерские работы,проект консервация центральный совет воопик,включать,True
2,волонтерские работы,включают,перекрытие кровли,волонтёрский работа,включать,True
2,охрана памятников,зависит от,широкости коалиции,охрана памятник,зависеть от,True
2,защита Шуховской башни,строится на,проверке экспертизы,защита шуховский башня,строиться на,True
2,РТРС,предложила,то же самое,ртрс,предложить,True
2,все,заступились,за башню,всё,заступиться,True
2,все,говорят,что башню сохранить можно,всё,говорить,True
2,ее,надо нагружать,не надо,она,надо нагружать,False
2,лифт,надо возвращать,не надо,лифт,надо возвращать,True
2,к этой башне,нужно отнестись,к монументу,к этот башня,нужно отнестись,True
2,монумент,использовать,не можно,монумент,использовать,True
2,он,стоит,не определено,он,стоить,False
2,голуби,садятся,на него,голубь,садиться,True
2,для этого,нужна,добрая воля,для это,нужный,True
2,это,называется,интересом неопределенного круга лиц,это,называться,False
2,пресс-релиз застройщика,говорит,что все расчудесно,пресс релиз застройщик,говорить,True
2,сохранить Электрозавод,можно,если сохранится интерес широкой общественности,сохранить электрозавод,можно,True
3,температура,был зафиксирован,рекорд,температура,быть зафиксировать,True
3,столбики термометров,поднялись,"+40,7 градуса",столбик термометр,подняться,True
3,температура,достигала,+ 44 градуса,температура,достигать,True
3,рекордная жара,овладила,Западную Европу,рекордный жара,овладить,True
3,июньская жара,стала,самой суровой за всю историю наблюдений,июньский жара,стать,True
3,аналогичное событие,было бы холоднее,на два градуса,аналогичный событие,быть бы холодный,True
3,метеорологи,ожидают,сегодня и завтра станут самыми жаркими днями,метеоролог,ожидать,True
3,национальный энергосистемный оператор,предупредил,о возможных перебоях с электроснабжением,национальный энергосистемный оператор,предупредить,True
3,служба скорой помощи юго-запада Англии,призвала,жителей проверять пожилых родственников и соседей старше 65 лет,служба скорый помощь юго запад англия,призвать,True
4,88% семей в России,объединяют,финансы,88% семья в россия,объединять,True
4,большинство,выбирают,смешанную модель,большинство,выбирать,True
4,88% семей,объединяют,бюджет,88% семья,объединять,True
4,48%,выбирают,смешанную модель,48%,выбирать,True
4,83%,считают,из общего бюджета должны оплачиваться образование детей,83%,считать,True
4,80% россиян,знают,возможностях семейного банкинга,80% россиянин,знать,True
4,каждый пятый,пользуется,такими сервисами,каждый пятый,пользоваться,True
4,самые популярные инструменты,–,регулярные переводы между близкими,самый популярный инструмент,,True
4,87% родителей,обсуждают,денежные вопросы,87% родитель,обсуждать,True
4,это,делают,в 38% семей,это,делать,False
4,системный диалог,выстроен,в Москве,системный диалог,выстроить,True
4,системный диалог,выстроен,на Северном Кавказе,системный диалог,выстроить,True
4,четверть российских родителей,платят,детям за отказ от соцсетей,четверть российский родитель,платить,True
4,половина,готова рассмотреть,такую возможность,половина,готовый рассмотреть,True
4,самыми желанными подарками,называют,"машина, путешествия и украшения",самый желанный подарок,называть,True
5,Копенгаген,признан,самым комфортным городом мира,копенгаген,признать,True
5,Столица Дании,набрала,98 баллов из 100,столица дания,набрать,True
5,Вена,заняла,второе место,вена,занять,True
5,Мельбурн,занял,третье место,мельбурн,занять,True
5,Все города первой десятки,имеют,максимальные баллы за образование,всё город первый десятка,иметь,True
5,категория стабильности,снизилась,"в среднем на 0,5 пункта",категория стабильность,снизиться,True
5,средний балл 58 азиатских городов,вырос,"на 0,3 пункта до 73,9",средний балл 58 азиатский город,вырасти,True
5,Фучжоу,поднялся,на семь мест,фучжоу,подняться,True
5,культура и окружающая среда в Китае,остаются,слабыми,культура и окружающий среда в китай,оставаться,True
5,Нью-Йорк,увеличивший балл и поднявшийся,на три строчки,нью йорк,увеличить балл и подняться,True
5,это,является результатом,снижения преступности и террористических угроз,это,являться результат,False
5,Лиссабон,улучшил показатель,благодаря прогрессу в здравоохранении,лиссабон,улучшить показатель,True
5,Токио,улучшил показатель,благодаря прогрессу в культуре и окружающей среде,токио,улучшить показатель,True
5,Ближний Восток и Северная Африка (MENA),потерявшие,в среднем один полный балл,ближний восток и северный африка mena,потерять,True
5,Тегеран,"вошел в десятку худших городов, заняв",164-е место с 45 баллами,тегеран,войти в десятка плохой город занять,True
5,Западная Европа,остается,самым комфортным регионом,западный европа,оставаться,True
5,Северная Америка,находится,на втором месте,северный америка,находиться,True
5,Латинская Америка,показала,незначительное снижение,латинский америка,показать,True
5,Дамаск (Сирия),является,последнее место с 32 баллами,дамаск сирия,являться,True
5,"Триполи (Ливия), Дакка (Бангладеш), Карачи (Пакистан), Алжир, Лагос, Порт-Морсби, Киев, Хараре и Тегеран",страдают,"войн, нищеты или политической нестабильности",триполи ливия дакка бангладеш карачи пакистан алжир лагос порт морсби киев хараре и тегеран,страдать,True
5,Дамаск,улучшил,медицинские показатели,дамаск,улучшить,True
5,Каракас (Венесуэла),покинул,«красную зону»,каракас венесуэла,покинуть,True
5,рейтинг самых дорогих городов для состоятельных людей,возглавил,Сингапур,рейтинг самый дорогой город для состоятельный человек,возглавить,True
6,58% россиян,считают,квартиру,58% россиянин,считать,True
6,две трети респондентов,назвали,наличие собственного жилья,два треть респондент,назвать,True
6,70% респондентов,направили бы,на первоначальный взнос по ипотеке,70% респондент,направить бы,True
6,все участники исследования,поддержали,идею замены традиционных подарков на помощь в сборе средств для покупки первого жилья,всё участник исследование,поддержать,True
6,результаты исследования,подтверждают,тренд на практичность,результат исследование,подтверждать,True
6,собственные квадратные метры,становятся,гарантией стабильности и благополучия для молодых супругов,собственный квадратный метр,становиться,True
6,88% российских семей,объединяют,финансы,88% российский семья,объединять,True
6,большинство,выбирают,смешанную модель с общим бюджетом на совместные цели и личными деньгами у каждого,большинство,выбирать,True
7,Британская певица Бонни Тайлер,умерла,9 июля в возрасте 75 лет,британский певица бонний тайлера,умереть,True
7,Тайлер,провела,в больнице в Португалии,тайлера,провести,True
7,Тайлер,проходила лечение,после экстренной операции,тайлера,проходить лечение,True
7,Тайлер,записала,18 студийных альбомов,тайлера,записать,True
7,Тайлер,номинировалась,трижды на «Грэмми»,тайлера,номинироваться,True
7,Тайлер,представляла,Великобританию на «Евровидении»,тайлера,представлять,True
7,Тайлер,получила,орден Британской империи,тайлера,получить,True
7,Тайлер,вошла в историю мировой музыки,благодаря двум песням,тайлера,войти в история мировой музыка,True
7,голос Гейнор Хопкинс,мог закончиться,"еще до того, как началась",голос гейнора хопкинс,мочь закончиться,True
7,у молодой исполнительницы,обнаружили узелки на голосовых связках,в середине 1970-х гг.,у молодой исполнительница,обнаружить узелок на голосовой связка,True
7,врачи,запретили разговаривать,несколько недель,врач,запретить разговаривать,True
7,она,начала говорить,раньше времени,она,начало говорить,False
7,голос,изменился,навсегда,голос,измениться,True
7,голос Тайлер,не могло быть спутано,ни с одним другим,голос тайлера,не мочь быть спутать,True
7,она,выросла,в маленьком городе Скуэн,она,вырасти,False
7,ее сценическое имя,появилось,почти случайно,она сценический имя,появиться,True
7,певица,купила,газету,певица,купить,True
7,она,вспоминала,это было отличное решение,она,вспоминать,False
7,сингл,вошел,в первую пятерку британского чарта,сингл,войти,True
7,сингл,поднялся,на третью строчку американского Billboard Hot 100,сингл,подняться,True
7,песне,требовался,сильный припев и запоминающийся визуальный образ,песня,требоваться,True
7,Стайнман,говорил,"исполнитель, способный «выдержать» музыку",стайнман,говорить,True
7,альбом Faster Than the Speed of Night,стал,"первой работой женщины-исполнительницы, занявшей первое место в британском альбомном чарте",альбом faster than the speed of night,стать,True
7,это,стало,"важным событием для индустрии, в которой вершину рейтингов тогда почти безраздельно занимали мужские рок-группы",это,стать,False
7,Стайнман,говорил,композицию как «вагнеровский натиск звука и эмоций»,стайнман,говорить,True
7,Стайнман,писал,"произведение, которое должно было раскрыть голос Тайлер",стайнман,писать,True
7,неизвестные участники,отказались,постановки в итоге,неизвестный участник,отказаться,True
7,Малкэхи,превратил,песню в полноценный визуальный спектакль,малкэха,превратить,True
7,песня,возглавила,"чарты Великобритании, США, Канады, Австралии и еще нескольких стран",песня,возглавить,True
7,песня,получила,номинацию на премию «Грэмми»,песня,получить,True
7,песня,стало,одной из самых продаваемых записей десятилетия,песня,стать,True
7,Holding Out for a Hero,прозвучала,в фильме Footloose («Свободные»),holding out for a hero,прозвучать,True
7,Holding Out for a Hero,вошла,в число самых узнаваемых песен 1980-х гг.,holding out for a hero,войти,True
7,Shrek 2 («Шрек 2»),привел к попаданию,песни в чарты,shrek 2 шрека 2,привести к попадание,True
7,песня,превратилась,"в один из самых востребованных саундтреков в кино, рекламе и видеоиграх",песня,превратиться,True
7,успех песни,оказался,"куда более долгим, чем она могла предположить в середине 1980-х гг.",успех песня,оказаться,True
7,музыкальная мода,изменилась,"на радио все чаще звучали синти-поп и танцевальная музыка, а масштабные рок-баллады, с которыми ассоциировалась Тайлер, постепенно ушли с первых строчек хит-парадов",музыкальный мода,измениться,True
7,интерес к певице,ослабевал,,интерес к певица,ослабевать,True
7,она,собирала,многотысячные площадки,она,собирать,False
7,Тайлер,записывала,альбомы с немецким продюсером Дитером Боленом,тайлера,записывать,True
7,певица,представляла,Великобританию на конкурсе «Евровидение» с песней Believe in Me,певица,представлять,True
7,последующие годы,воспринимались,признание ее статуса,последующий год,восприниматься,True
7,певица,относилась спокойно,переменам в собственной карьере,певица,относиться спокойно,True
7,певица,признавалась,что никогда не ставила успех в чартах самоцелью,певица,признаваться,True
7,Total Eclipse of the Heart,живет,собственной жизнью,total eclipse of the heart,жить,True
7,песня,превратилась,в культурный символ,песня,превратиться,True
7,песня,узнают,"даже те, кто не сразу вспоминает ее имя",песня,узнавать,True
7,поп-музыка,реагирует,на смену моды,поп музыка,реагировать,True
7,хиты,остаются,частью своего десятилетия,хит,оставаться,True
7,песням,удается выйти,за эти рамки,песня,удаваться выйти,True
7,песни,были,по-настоящему новой музыкой,песня,быть,True
8,специалисты,выпустили,трех детенышей серого тюlena,специалист,выпустить,True
8,специалисты,приняли,десять ослабленных детенышей серого тюlena,специалист,принять,True
8,горожане и туристы,находили и сообщали,ослабленных детенышей,горожанин и турист,находить и сообщать,True
8,Кира и ее младший брат,заметили,тюлененку Майю,кира и она младший брат,заметить,True
8,тюленятам,помогают,набрать вес,тюленёнок,помогать,True
8,тюленятам,помогают,перейти на самостоятельное питание,тюленёнок,помогать,True
8,тюленятам,помогают,сформировать запас подкожного жира,тюленёнок,помогать,True
8,специалисты,убеждаются,что животное уверенно плавает,специалист,убеждаться,True
8,специалисты,убеждаются,что животное способно конкурировать за рыбу,специалист,убеждаться,True
8,специалисты,убеждаются,что животное сохраняет естественную осторожность по отношению к человеку,специалист,убеждаться,True
8,мы,оцениваем,поведение животного,мы,оценивать,False
8,куратор «Сердца морей» Ирина Мейнцер,сказала,о выпуске тюленей,куратор сердце море ирина мейнцер,сказать,True
8,каждый тюлень,был отмечен,специальной биркой,каждый тюлень,быть отметить,True
9,особняк Ормли-Лодж,продается,за 25 млн фунтов,особняк ормля лодж,продаваться,True
9,принцесса Диана,проводила,в особняке Ормли-Лодж,принцесса диана,проводить,True
9,в поместье,состоялась,ее знаменитая встреча с Камиллой Паркер-Боулз,в поместье,состояться,True
9,леди Аннабель Голдсмит,приобрела,поместье,леди аннабель голдсмит,приобрести,True
9,"знаменитости, журналисты, политики и члены королевской семьи",собирались,здесь,знаменитость журналист политика и член королевский семья,собираться,True
9,Леди Голдсмит,называла себя,«материнской фигурой»,леди голдсмит,называть себя,True
9,принцессы Дианы,приезжала,в Ормли-Лодж,принцесса диана,приезжать,True
9,Семья Голдсмит,"заявила, что надеется передать",дом,семья голдсмит,заявить что надеяться передать,True
9,агентства Knight Frank и UK Sotheby's International Realty,курят,продажу,агентство knight frank и uk sotheby s international realty,курить,True
9,каменная усадьба Лансдаун 1771 года постройки,выставлена,на продажу,каменный усадьба лансдаун 1771 год постройка,выставить,True
9,соглашение,было подписано,в особняке,соглашение,быть подписать,True
10,Ахмед Тигани,заявил,что здание стабильно,ахмед тиганя,заявить,True
10,пожарный комиссар Джон Эспозито,подтвердил,что с момента прибытия служб фиксируется «постоянное движение» конструкций,пожарный комиссар джон эспозитый,подтвердить,True
10,разработчик проекта реновации MetroLoft,назвал,произошедшее «типичным строительным инцидентом»,разработчик проект реновация metroloft,назвать,True
10,Основатель компании Нейтан Берман,стало известно,две колонны у северо-западного угла башни прогнулись под весом надстраиваемых этажей,основатель компания нейтан берман,стать известно,True
10,мэр Нью-Йорка Зохран Мамдани,назвал,ситуацию «крайне серьезной»,мэр нью йорк зохрана мамдань,назвать,True
10,здания,получало,штрафы на сумму более $32 500 в 2025 г. за нарушения техники безопасности,здание,получать,True
10,проект,называют,крупнейшей в истории Нью-Йорка конверсией офисов в жилье,проект,называть,True
10,департамент строительства,проводил,"проверки на объекте в мае, дважды в апреле и один раз в марте",департамент строительство,проводить,True
10,власти,связали,инцидент с последствиями изменения климата и ускоренной трансформацией береговой линии,власть,связать,True
11,спрос на электромобили,вырос,"в тот момент, когда поставки практически остановились",спрос на электромобиль,вырасти,True
11,спрос на электромобили и гибриды,вырос,на 15–20% по сравнению с прошлым годом,спрос на электромобиль и гибрид,вырасти,True
11,число запросов на доступные китайские модели,увеличилось,более чем на 30%,число запрос на доступный китайский модель,увеличиться,True
11,спрос,вырос,"тогда, когда импортный канал закрылся",спрос,вырасти,True
11,очередь на популярные модели,растянулась,от трех до пяти месяцев,очередь на популярный модель,растянуться,True
11,запасы гибридов,выросли,втрое с января,запас гибрид,вырасти,True
11,эксплуатация электромобилей,обходится,"на 60–70% дешевле, чем аналогичных бензиновых внедорожников",эксплуатация электромобиль,обходиться,True
11,цены на новые электромобили,выросли,на 10–15% из-за увеличения логистических расходов и страховых премий,цена на новый электромобиль,вырасти,True
11,цены на подержанные бензиновые автомобили,упали,примерно на 15% с начала года,цена на подержать бензиновый автомобиль,упасть,True
11,дефицит,формирует,ценовую политику,дефицит,формировать,True
11,глобальные продажи легковых «электричек»,выросли,на 20%,глобальный продажа легковой электричка,вырасти,True
11,продажи легковых «электричек»,упали,на 30%,продажа легковой электричка,упасть,True
12,34-летний местный житель,подозревается в,"уничтожении исторического здания – Дома Ропса на Петровской косе, 9",34 летний местный житель,подозреваться в,True
12,деревянный памятник архитектуры регионального значения,выгорел,днем 6 июля,деревянный памятник архитектура региональный значение,выгореть,True
12,мужчина в нетрезвом состоянии,"проник в здание, закурил и уснул",в здание,мужчина в нетрезвый состояние,проникнуть в здание закурить и уснуть,True
12,мужчина,заявил,что умысла на поджог не было,мужчина,заявить,True
12,Дом Ропса,был,одним из немногих сохранившихся деревянных памятников в центре города,дом ропёс,быть,True
12,его,включили,в перечень выявленных объектов культурного наследия,он,включить,False
12,его,выделяли,10 млн руб. на проектирование ремонта,он,выделять,False
12,для здания,утвердили,предмет охраны,для здание,утвердить,True
13,местный совет округа Далваллину,выставил на продажу,здания бывшего зала Женской сельскохозяйственной ассоциации,местный совет округ далваллина,выставить на продажа,True
13,объект,находится,в трех часах езды к северу от Перта,объект,находиться,True
13,здания 1949 года постройки,включает,"бывшую кухню, один большой зал для собраний и уличный туалет",здание 1949 год постройка,включать,True
13,покупателям,предлагают,"не готовый для заселения дом, а «чистый лист»",покупатель,предлагать,True
13,запрашиваемая цена,составляет,чуть более $21 за квадратный метр,запрашивать цена,составлять,True
13,в самом Бантине,проживает,51 человек,в сам бантин,проживать,True
13,администрация округа,надеется привлечь,покупателя,администрация округ,надеяться привлечь,True
13,хижина,выставлена на продажу,200 000 фунтов,хижина,выставить на продажа,True
14,радиостанция «Серебряный дождь»,отметила,день рождения,радиостанция серебряный дождь,отметить,True
14,Праздник,прошел,под слоганом «100 и 1 процент лета»,праздник,пройти,True
14,диджей Артур Кулаков,играл,для гостей,диджей артур кулак,играть,True
14,ведущие радиостанции,провели,викторины об истории «Серебряного дождя»,ведущий радиостанция,провести,True
15,дом,состоит,из умения предугадывать потребности,дом,состоять,True
15,многодетная семья из десяти человек,жила,в доме,многодетный семья из десять человек,жить,True
15,90-летний Иэн Карр,рассказал,его родители купили это жилье,90 летний иэн карра,рассказать,True
15,его родители,купили,жилье у местного землевладельца Джимми Шенкса,он родитель,купить,True
15,владелец,стал,старшим братом Иэна,владелец,стать,True
15,владелец,превратил,участок в куриную ферму,владелец,превратить,True
15,Семья Карров,владела,недвижимостью до 2021 г.,семья карров,владеть,True
15,собственник,добавил,переносную бытовку и септик,собственник,добавить,True
15,водоснабжение,автономное,колодец и резервуар,водоснабжение,автономный,True
15,владение,станет,"скорее уединенным убежищем, чем изолированным хутором",владение,стать,True
15,"участка площадью чуть менее 0,3 га",достаточно,чтобы держать кур и пару овец,участок площадь чуть менее 0 3 га,достаточно,True
15,пляжную хижину,выставили на продажу,200 000 фунтов,пляжный хижина,выставить на продажа,True
15,выставили на продажу за 200 000 фунтов,вызвало возмущение,британцев,выставить на продажа за 200 000 фунт,вызвать возмущение,True
16,юг Сибири и Курганская область,задыхаются,от аномального зноя,юг сибирь и курганский область,задыхаться,True
16,синоптики,предупреждают,улучшения погоды,синоптик,предупреждать,True
16,сегодняшняя ситуация над Русской равниной,является,«предштормовая ситуация»,сегодняшний ситуация над русский равнина,являться,True
16,в Москве,ожидается,комфортная погода,в москва,ожидаться,True
16,Тишковец,предупреждает,«черном вале грозовых облаков»,тишковца,предупреждать,True
16,математические модели,фиксируют,это опасное явление,математический модель,фиксировать,True
16,ночью 12 июля в Москве и области,ожидается,«очень сильный дождь»,ночью 12 июль в москва и область,ожидаться,True
16,на Москву,обрушится,до 35 мм осадков,на москва,обрушиться,True
16,Михаил Леус,сообщил,обойдется без дождей,михаил леус,сообщить,True
16,температура воздуха в Петербурге,составит,+23…+25 градусов,температура воздух в петербург,составить,True
16,температура воздуха по области,составит,+21…+26 градусов,температура воздух по область,составить,True
16,Александр Колесов,объяснил,центра циклона сейчас находится над Прибалтикой,александр колесов,объяснить,True
16,восточные ветры,принесут,очень теплый воздух из Центрального района европейской территории России,восточный ветер,принести,True
16,В Гидрометцентре России,сообщили,в ближайшие трое суток сразу несколько федеральных округов окажутся во власти разрушительных непогод,в гидрометцентр россия,сообщить,True
16,МЧС,предупреждает,комплексе опасных явлений,мчс,предупреждать,True
16,столбики термометров,поднимутся,до экстремальных +35 градусов,столбик термометр,подняться,True
16,пройдут,пройдут,сильные ливни с грозами и градом,пройти,пройти,True
16,ветер,усилится,до 20–23 м/с,ветер,усилиться,True
16,объявлено штормовое предупреждение,объявлено,из-за «очень сильных» ливневых дождей и шквалистого ветра до 25 м/с,объявить штормовой предупреждение,объявить,True
16,аномальная жара,установилась,аномальная жара до +37 градусов,аномальный жара,установиться,True
16,дожди,пройдут,дожди с градом и ветром 16–21 м/с,дождь,пройти,True
16,погода,ожидается,«крупный град»,погода,ожидаться,True
16,погода,бьет,все рекорды экстремальности,погода,бить,True
16,непогода,будет сопровождаться,порывами ветра до 20 м/с,непогода,быть сопровождаться,True
17,его зарплата,оказалась выше,"у мэра Нью-Йорка Зохрана Мамдани, комиссара полиции и почти любого из 350 000 муниципальных служащих",он зарплата,оказаться выше,True
17,доход Марковски,сложился из,базовой зарплаты и рекордных 2560 часов сверхурочных,доход марковск,сложиться из,True
17,его деятельность,проверяет,департамент строительства Нью-Йорка,он деятельность,проверять,True
17,две принадлежащие Марковски частные компании,выполнили,более 70 проектов в престижных районах Манхэттена и Бруклина,два принадлежащий марковск частный компания,выполнить,True
17,представительница агентства Барбара Бранкаччо,утверждает,он не запросил новое разрешение,представительница агентство барбара бранкаччо,утверждать,True
17,некоммерческая отраслевая группа Plumbing Foundation City of New York,подала,жалобу,некоммерческий отраслевой группа plumbing foundation city of new york,подать,True
17,исполнительный директор Эйприл МакАйвер,заявила,"это расточительство, ставящее под вопрос целостность и безопасность работы NYCHA",исполнительный директор эйприл макайвера,заявить,True
18,число случаев мошенничества,увеличилось,число случаев мошенничества при бронировании отдыха,число случай мошенничество,увеличиться,True
18,мошенники,активизируются,в высокий сезон,мошенник,активизироваться,True
18,Беке,призвал,пользоваться только проверенными площадками и лицензированными туристическими компаниями,бек,призвать,True
18,число жалоб на мошенничество при аренде бунгало,выросло,на 114%,число жалоба на мошенничество при аренда бунгало,вырасти,True
18,претензии к сетевым отелям,увеличились,на 58%,претензия к сетевой отель,увеличиться,True
18,на мошенничество при аренде автомобилей,увеличились,на 46%,на мошенничество при аренда автомобиль,увеличиться,True
18,на сайты бронирования гостиниц,увеличились,на 45%,на сайт бронирование гостиница,увеличиться,True
18,на междугородние автобусные перевозки,увеличились,на 23%,на междугородний автобусный перевозка,увеличиться,True
19,суточный максимум поездок,достиг,48 500,суточный максимум поездка,достигнуть,True
19,пользователи,стало чаще брать,"велосипеды для поездок на работу, домой или по делам",пользователь,стать частый брать,True
19,показатель,вырос,до 85%,показатель,вырасти,True
19,меры,помогут минимизировать и повысить,нарушения и ответственность горожан,мера,помочь минимизировать и повысить,True
19,56% россиян,считают,развитую велоинфраструктуру важной при выборе жилья,56% россиянин,считать,True
20,Государственный Эрмитаж,начнет тестировать,новую систему регулирования потока посетителей с помощью гибких цен на билеты,государственный эрмитаж,начать тестировать,True
20,стоимость посещения,будет зависеть,от времени входа,стоимость посещение,быть зависеть,True
20,до 80% гостей,приходят,в Главный музейный комплекс с 11:00 до 16:00,до 80% гость,приходить,True
20,новая система,позволит перераспределить потоки и повысить безопасность,"посетителей, экспонатов и музейных пространств",новый система,позволить перераспределить поток и повысить безопасность,True
20,дневной билет,состоит,в 1200 руб.,дневный билет,состоять,True
20,вечерний билет,стоит,в 700 руб.,вечерний билет,стоить,True
20,Эрмитаж,является,крупнейшим музеем России,эрмитаж,являться,True
20,Эрмитаж,является,одним из самых посещаемых художественных музеев мира,эрмитаж,являться,True
20,коллекция Эрмитажа,размещается,в нескольких исторических зданиях,коллекция эрмитаж,размещаться,True
21,Департамент информационных технологий (ДИТ) Москвы,опубликовал,регулярный дайджест «Тренды развития умных городов»,департамент информационный технология дит москва,опубликовать,True
21,эксперты,остановились,на законодательных инициативах в сфере IT,эксперт,остановиться,True
21,правительством Китая,одобрены,испытания в отдельных регионах мобильных сетей нового поколения (6G),правительство китай,одобрить,True
21,ученые,проверят,работу 6G,учёный,проверить,True
21,правительство страны,опубликовало,руководство по развитию ИИ-агентов,правительство страна,опубликовать,True
21,авторы «Трендов»,называют,потребности в большем количестве электроэнергии,автор тренд,называть,True
21,он,потребляет,на 20% меньше электричества,он,потреблять,False
21,правительство штата Вирджиния,отклонило,проект возведения ЦОДа,правительство штат вирджиния,отклонить,True
21,президент США Дональд Трамп,подписал,исполнительный приказ «Продвижение передовых инноваций и безопасности в области искусственного интеллекта»,президент сша дональд трамп,подписать,True
21,правительство Объединенных Арабских Эмиратов,имеет,большие планы на ИИ,правительство объединить арабский эмират,иметь,True
21,более 50% государственных услуг,будет оказываться,через интеллектуальных агентов,более 50% государственный услуга,быть оказываться,True
21,почти 80 000 чиновников,планируется внедрить агентский подход в работу,ничего конкретного,почти 80 000 чиновник,планироваться внедрить агентский подход в работа,True
21,технологию,рассчитывают применять,в госзакупках,технология,рассчитывать применять,True
21,Жители,могут посмотреть,в режиме онлайн самые свободные велотреки для поездки,житель,мочь посмотреть,True
21,местная администрация,подсчитывает,востребованность маршрутов,местный администрация,подсчитывать,True
21,Система,фиксирует,время начала парковки,система,фиксировать,True
21,Система,списывает,оплату,система,списывать,True
21,Бесконтактные расчеты,доступны,,бесконтактный расчёт,доступный,True
21,владельцы транспорта,зарегистрированы,в мобильном приложении,владелец транспорт,зарегистрировать,True
21,Собираемые данные,помогают повысить,эффективность управления парковочными пространствами Дубая,собирать дать,помогать повысить,True
21,Робопсы,запустили,мониторинг общественных пространств,робопёс,запустить,True
21,Камеры,передают,картинку в центр управления городом,камера,передавать,True
21,Роботы,фиксируют,оставленные без присмотра подозрительные вещи,робот,фиксировать,True
21,Роботы,фиксируют,признаки задымления,робот,фиксировать,True
21,Роботы,рассылают,оповещения с координатами в экстренные службы,робот,рассылать,True
21,Сенсоры,следят,за уровнем осадков,сенсор,следить,True
21,Камеры видеонаблюдения,мониторят,подтопления территорий,камера видеонаблюдение,мониторить,True
21,Сведения,стекаются,на цифровую платформу,сведение,стекаться,True
21,система,отправляет,SMS жителям о необходимости покинуть опасные зоны,система,отправлять,True
21,данные о воде,оцифровывают,данные о воде,дать о вода,оцифровывать,True
21,лидары,сканировали и собирали,высокоточные пространственные данные об акватории,лидар,сканировать и собирать,True
21,руководство швейцарской коммуны Мури-бай-Берн,взялись стимулировать,сохранение природных ресурсов с помощью цифровых решений,руководство швейцарский коммуна мурь бай берн,взяться стимулировать,True
21,гражданам,выдают,цифровые ваучеры,гражданин,выдавать,True
21,эта виртуальная валюта,имеет,курс 1:1 к швейцарскому франку,этот виртуальный валюта,иметь,True
21,у каждого пользователя,должен быть,личный кабинет на сайте публичной платформы распределенного реестра Hedera,у каждый пользователь,должный быть,True
21,виртуальный персонаж,ответит,на вопросы для виртуального ассистента,виртуальный персонаж,ответить,True
21,маскот,предоставляет,информацию о мероприятиях,маскот,предоставлять,True
21,маскот,предоставляет,информацию о мерах поддержки,маскот,предоставлять,True
21,маскот,предоставляет,информацию о новостях мэрии города,маскот,предоставлять,True
21,персонаж,работает,на портале города Пусана,персонаж,работать,True
21,персонаж,обучен работать,с новостями,персонаж,обучить работать,True
21,персонаж,обучен работать,с официальными документами мегаполиса,персонаж,обучить работать,True
22,средняя стоимость одного дня отдыха,не превышает,6000 руб,средний стоимость один день отдых,не превышать,True
22,самый низкий средний чек за еду,– в,Вологде и Астрахани (711 руб. на человека за один прием пищи),самый низкий средний чек за еда,в,True
22,самый высокий средний чек за еду,– в,Сургуте (972 руб.),самый высокий средний чек за еда,в,True
22,средняя стоимость,составляет,от 10 000 до 11 000 руб. за сутки,средний стоимость,составлять,True
22,питание в Пскове,обойдется дешевле всего,,питание в псков,обойтись дешёвый весь,True
22,средняя стоимость одного дня отдыха в популярных туристических направлениях России летом 2026 г.,состоит,в 7900 руб.,средний стоимость один день отдых в популярный туристический направление россия лето 2026 г,состоять,True
22,количество дальних маршрутов на автомобиле в 2025 г.,выросло,на 52% год к году,количество дальний маршрут на автомобиль в 2025 г,вырасти,True
22,количество таких автомаршрутов из Москвы,выросло,на 94%,количество такой автомаршрут из москва,вырасти,True
22,количество таких автомаршрутов из Перми,выросло,на 71%,количество такой автомаршрут из пермь,вырасти,True
22,количество таких автомаршрутов из Екатеринбурга,выросло,на 68%,количество такой автомаршрут из екатеринбург,вырасти,True
23,сотни змей,сбежали,с фермы по разведению рептилий,сотня змея,сбежать,True
23,власти,закупили,дополнительные партии противоядия,власть,закупить,True
23,жители города Хэнчжоу,в панике,,житель город хэнчжоу,в паника,True
23,инцидент,произошел,"после того, как за несколько дней проливные дожди разрушили вольеры фермы",инцидент,произойти,True
23,власти,выпустили,инструкции для жителей о поведении при встрече с рептилиями,власть,выпустить,True
23,наводнения,погибли,39 человек,наводнение,погибнуть,True
23,26 человек,были,в Хэнчжоу,26 человек,быть,True
23,10 000 студентов и преподавателей,оказались заблокированы,в школах соседнего Гуйгана,10 000 студент и преподаватель,оказаться заблокировать,True
23,спасатели,эвакуируют,животных,спасатель,эвакуировать,True
23,местные приюты для животных,борются за спасение,200 кошек и десятков собак,местный приют для животное,бороться за спасение,True
24,Мухаммад Усман,обнаружил,животное на своей ноге,мухаммад усман,обнаружить,True
24,под чехлом велосипеда,нашлось,восьми особей,под чехол велосипед,найтись,True
24,черные вдовы,не являются,местным видом для ОАЭ,чёрный вдова,не являться,True
24,укус черных вдов,вызывает,потливость,укус чёрный вдова,вызывать,True
24,укус черных вдов,вызывает,высокое давление,укус чёрный вдова,вызывать,True
24,мужчина,выступает против,убеждения о необходимости уничтожения животных,мужчина,выступать против,True
24,дубайский муниципалитет,призвал,жителей не рисковать и вызывать специалистов,дубайский муниципалитет,призвать,True
24,необходимо,сообщить,свой десятизначный номер локации (Makani),необходимо,сообщить,True
24,бригада,безопасно переместит,пауков,бригада,безопасно переместить,True
24,валид каакех,пояснил,пауки могут попасть в страну вместе с мебелью или овощами,валид каакех,пояснить,True
24,он,рекомендует,аккуратно удалять их без применения пестицидов,он,рекомендовать,False
24,он,не убивать,"пауков, поскольку они не нападают на людей",он,не убивать,False
24,ведомости. город,сообщал,в люксембурге вновь заметили паука «носферату» (zoropsis spinimana),ведомость город,сообщать,True
25,имущественный комплекс,выставлен,на аукцион,имущественный комплекс,выставить,True
25,торги,пройдут,в формате запечатанных в конвертах предложений,торг,пройти,True
25,особняк Blackwood Hall,включает,в лот,особняк blackwood hall,включать,True
25,особняк Blackwood Hall,включает,особняк площадью около 500 кв. м,особняк blackwood hall,включать,True
25,особняк Blackwood Hall,включает,действующий ресторан Claudia Sanders Dinner House,особняк blackwood hall,включать,True
25,покупатель,получит,действующий ресторанный бизнес с сувенирным магазином и профессиональной кухней,покупатель,получить,True
25,архив артефактов,включает,"рукописные рецепты, деловые документы, фотографии и личные вещи Сандерса",архив артефакт,включать,True
25,аукционист и совладелец компании Билл Мениш,не раскрыл,оценочную стоимость лота,аукционист и совладелец компания билл мениша,не раскрыть,True
25,объект,может использоваться как,"музей, место проведения мероприятий, частная резиденция или «резиденция для руководителей»",объект,мочь использоваться как,True
25,заявки на покупку,принимаются,до 31 июля,заявка на покупка,приниматься,True
25,ресторан Claudia Sanders Dinner House,продолжает работу,в обычном режиме,ресторан claudia sanders dinner house,продолжать работа,True
25,«Ведомости. Город»,сообщал,что еще один дом основателя KFC продается в канадской Миссиссоге,ведомость город,сообщать,True
25,Сандерс,прожил,в скромном бунгало последние 15 лет своей жизни,сандерс,прожить,True
26,выставка,открылась,в Хлебном доме музея-заповедника «Царицыно»,выставка,открыться,True
26,экспозиция,реконструирует,дачный быт рубежа XIX–XX веков,экспозиция,реконструировать,True
26,экспозиция,раскрывает,неожиданные грани творческой биографии Андреева,экспозиция,раскрывать,True
26,выставка,построена,как географическое путешествие,выставка,построить,True
26,первый серьезный литературный триумф,пришел,к нему,первый серьёзный литературный триумф,прийти,True
26,местные реалии,вошли,в его знаменитый рассказ «Петька на даче»,местный реалия,войти,True
26,он,освоил,эту сложную французскую технику съемки со стеклянными светофильтрами,он,освоить,False
26,выставка,представлена,более 40 оригинальных автохромов,выставка,представить,True
26,выставка,открылась,открылась,выставка,открыться,True
26,Архитектор Мис ван дер Роэ,называл,стул,архитектор мис ван дер роэ,называть,True
26,небоскреб,построить,проще,небоскрёб,построить,True
26,советский дизайн,ставил во главу угла,функциональность и доступность,советский дизайн,ставить в глава угол,True
26,европейский,"экспериментировал, иронизировал и превращал",обычный предмет в художественное высказывание,европейский,экспериментировать иронизировать и превращать,True
26,выставка,показывает,"как менялись наши представления о красоте, комфорте и повседневной жизни",выставка,показывать,True
26,художнику,ассоциируется,Серебряным веком и символизмом,художник,ассоциироваться,True
26,проект,показывает,его уникальный метод,проект,показывать,True
26,художник,искал,синтез искусств и выход за рамки живописи в пространство реальной жизни,художник,искать,True
26,произведений,представлено,более 140 произведений из 20 музеев и частных собраний,произведение,представить,True
26,новая экспозиция проекта #Подклет,приурочена,180-летию со дня рождения великого русского ювелира,новый экспозиция проект #подклет,приурочить,True
26,концепция,сфокусирована,"на предметах повседневного быта, камнерезной пластике малых форм и эскизах",концепция,сфокусировать,True
26,в основе,состоит,20 редких экспонатов из фондов Минералогического музея им. А. Е. Ферсмана РАН,в основа,состоять,True
26,"Илья Демуцкий, Юрий Посохов",покажут,балет «Чайка»,илья демуцкий юрий посох,показать,True
26,"Родион Щедрин и Майя Плисецкая, Джон Ноймайер, Борис Эйфман",обращались,к чеховской пьесе,родион щедрин и майя плисецкий джон ноймайер борис эйфман,обращаться,True
26,Посохов,вынашивал,идею собственной «Чайки»,посох,вынашивать,True
26,действие спектакля,перенесено,в XX век,действие спектакль,перенести,True
26,сценография Тома Пая,намекает,на интервал между эпохой Чехова и временем действия балета,сценография том пай,намекать,True
26,текст Гете,переворачивает,все с ног на голову,текст гёте,переворачивать,True
26,режиссер,предлагает,"пойти в сторону человеческой, чувственной истории",режиссёр,предлагать,True
26,«Как Фауст ослеп»,является,"историей доктора, по призванию спасающего других, но пытающегося разобраться в собственных желаниях",как фауст ослепнуть,являться,True
26,спектакль,проникает,"в область, где текст не поддается однозначному определению",спектакль,проникать,True
26,кураторы,предлагают отказаться от восприятия,нечеловеческих существ как метафор или пассивного фона,куратор,предлагать отказаться от восприятие,True
26,фильмы,изменяют,оптику зрителя,фильм,изменять,True
26,лента,рассказывает о,скейт-парке в Сантьяго от лица двух бездомных собак,лента,рассказывать о,True
26,картина,фиксирует,повседневность животного внутри молочной фермы,картина,фиксировать,True
26,притча,объединяет,"человека, флору и минералы в единый цикл метаморфоз",притча,объединять,True
26,важной темой показов,становится,внимание к способности животных проявлять волю и выстраивать отношения с окружающим миром,важный тема показ,становиться,True
26,победители конкурса короткой прозы,прочитают,рассказы и посты из соцсетей,победитель конкурс короткий проза,прочитать,True
26,Егор Крид,состоится сольный концерт,Егора Крида,егор крид,состояться сольный концерт,True
26,организаторы,делают ставку,"на сложную сценографию, световую партитуру мирового стандарта и проработанный живой звук",организатор,делать ставка,True
26,программа,объединит,главные хиты прошлых лет и новые синглы,программа,объединить,True
26,группа «Ме4та» Евгения Цыганова,выступит,в саду Всероссийского музея декоративного искусства,группа ме4т евгений цыганов,выступить,True
26,музыканты,называют,своё творчество «музыкой мечты»,музыкант,называть,True
26,Цыганов,делится,"размышлениями о любви, мире и человеке",цыганов,делиться,True
26,"гитарист Андрей Муравкин, басист Михаил Химаков и барабанщик Антон Владимирский-Латаев",выйдут,на сцену,гитарист андрей муравкина басист михаил химаковый и барабанщик антон владимирский латаев,выйти,True
26,фестиваль танца,пройдет,Московский фестиваль танца под открытым небом,фестиваль танец,пройти,True
26,программа,рассчитана,на участников с любым уровнем подготовки,программа,рассчитать,True
28,более 60% организаций креативного сектора,работают,вне Москвы и Санкт-Петербурга,более 60% организация креативный сектор,работать,True
28,регион,обгоняет,другие по темпу развития,регион,обгонять,True
28,филиал Пушкинского музея – «Арсенал»,работает,в Нижнем Новгороде,филиал пушкинский музей арсенал,работать,True
28,"Нижегородская художественная галерея, галереи «9Б», «Футура» и студия «Тихая»",заслуживают,внимания,нижегородский художественный галерея галерея 9б футура и студия тихий,заслуживать,True
28,город Выкса,развивается,в Нижегородской области,город выкса,развиваться,True
28,Суздаль и его центр «Мира»,является,важным примером,суздаль и он центр мир,являться,True
28,музей Алексея Гастева,добавится,к важным точкам на карте в Суздале,музей алексей гастев,добавиться,True
28,Пермь,является,безусловным местом развития и притяжения,пермь,являться,True
28,Фонд MaxArt,развивает,программу художественных резиденций,фонд maxart,развивать,True
28,Активная жизнь,существует,"в регионах Поволжья: Казани, Самаре, Уфе",активный жизнь,существовать,True
28,Здание Музея Заман в Уфе,готовящееся,к открытию,здание музей заман в уфа,готовиться,True
28,Дебаркадер 30,заявила о себе,экспериментальными выставками,дебаркадер 30,заявить о себя,True
28,площадки,стали появляться,демонстрирующие исключительно сибирских художников,площадка,стать появляться,True
28,ярмарка,привлекла к себе внимание,профессионалов,ярмарка,привлечь к себя внимание,True
28,Екатеринбург,остается кузницей кадров,для современного искусства России,екатеринбург,оставаться кузница кадр,True
28,галерея «Х.Л.А.М.»,играет центральную роль,в Воронеже,галерея х л а м,играть центральный роль,True
28,частные инвестиции и новая роль бизнеса,остаются,одной из самых сложных и приоритетных задач,частный инвестиция и новый роль бизнес,оставаться,True
28,смешанная модель,признается,наиболее жизнеспособной,смешанный модель,признаваться,True
28,фонд «ОМК-Участие»,является драйвом,местного процесса,фонд омк участие,являться драйв,True
28,фонд «ОМК-Участие»,созданный,по инициативе владельцев Объединенной металлургической компании Ирины и Анатолия Седых,фонд омк участие,создать,True
28,фонд «ОМК-Участие»,сформировалась,полноценная культурная инфраструктура,фонд омк участие,сформироваться,True
28,фонд «ОМК-Участие»,было создано,более ста объектов паблик-арта,фонд омк участие,быть создать,True
28,центр современного искусства «Сияние»,является примером,демонстрирующим синергию частной инициативы и государственной поддержки,центр современный искусство сияние,являться пример,True
28,Проект,был создан,тележурналистом Андреем Малаховым,проект,быть создать,True
28,деятельность центра,стала импульсом,для государственного участия,деятельность центр,стать импульс,True
28,выставка,привлекла внимание,к объекту,выставка,привлечь внимание,True
28,власти,приняли решение,о выделении бюджетных средств,власть,принять решение,True
28,частное меценатство,способно создавать,новые культурные институции,частный меценатство,способный создавать,True
28,частное меценатство,становится катализатором,государственной поддержки,частный меценатство,становиться катализатор,True
28,поддержка современного искусства,делает,регион привлекательным для туристов местом,поддержка современный искусство,делать,True
28,основу культурной инфраструктуры,составляют,государственные институции,основа культурный инфраструктура,составлять,True
28,музей «Арсенал»,развивается,при поддержке Министерства культуры РФ и Государственного музея изобразительных искусств имени А.С. Пушкина,музей арсенал,развиваться,True
28,Дмитрий Володин,основал,ярмарку графики «Контур»,дмитрий володин,основать,True
28,крупные нефтяные корпорации,сыграли большую роль,в финансировании культурных проектов,крупный нефтяной корпорация,сыграть больший роль,True
28,"«Лукойл», «Новатэка» и «Сибур холдинг»",были созданы,«Пакгаузы на Стрелке»,лукойл новатэк и сибур холдинг,быть создать,True
28,выставка работ художника Эрика Булатова,состоялась,выставка работ художника Эрика Булатова,выставка работа художник эрик булатов,состояться,True
28,«Пакгаузы на Стрелке»,стала,важной точкой культурного туризма,пакгауз на стрелка,стать,True
28,развитие современного искусства в регионах,осталась,не всегда дружелюбный прием художников со стороны локальных сообществ,развитие современный искусство в регион,остаться,True
28,причина недопонимания,кроется в,недостаточной доступности информации об искусстве на местах,причина недопонимание,крыться в,True
28,задача локальных культурных институций,– создавать,"доступные, инклюзивные и просветительские инициативы",задача локальный культурный институция,создавать,True
28,выстроить устойчивые мосты коммуникации,невозможно без,"сотрудничества между художниками, кураторами и местным сообществом",выстроить устойчивый мост коммуникация,невозможно без,True
28,другие жители,имеют,свои волнующие темы и интересы,другой житель,иметь,True
28,необходимо,наладить,коммуникацию между ними,необходимо,наладить,True
28,процесс,можно сравнить,с движением вагона с мертвой точки,процесс,можно сравнить,True
28,процесс,пошел,он сам ускоряется и приносит удивительные результаты,процесс,пойти,True
29,продажи чемоданов в стране,увеличились,на 33%,продажа чемодан в страна,увеличиться,True
29,рост,составил,70%,рост,составить,True
29,рост,составил,17%,рост,составить,True
29,46% заказов,пришлось,на чемоданы размера L,46% заказ,прийтись,True
29,маленькие модели (S),потеряли,популярность,маленький модель s,потерять,True
29,почти 30% пассажиров,выбирают,тариф «Стандарт» с включенным багажом,почти 30% пассажир,выбирать,True
29,бронирования на лето,превысили,прошлогодние показатели,бронирование на лето,превысить,True
29,спрос на Владивосток,вырос,на 3000,спрос на владивосток,вырасти,True
29,спрос на Калининград,вырос,на 2000,спрос на калининград,вырасти,True
30,Москва,пережила,кофейный бум,москва,пережить,True
30,город,пережил,кофейный бум,город,пережить,False
30,город,привык,к новому типу заведений,город,привыкнуть,False
30,город,запустил,отдельный гастрономический проект «Московский завтрак»,город,запустить,False
30,У московского завтрака,длинная,история,у московский завтрак,длинный,True
30,завтрак вне дома,был,"привычкой купцов, чиновников, приезжих и обеспеченной публики",завтрак вне дом,быть,True
30,завтрак,стал,массовым,завтрак,стать,True
30,современная культура городских завтраков,выросла,из другой Москвы,современный культура городской завтрак,вырасти,True
30,город,оброс,"кофейнями, пекарнями и небольшими кафе",город,обрасти,False
30,завтрак,перестал быть и превратился в,отдельный повод выйти в город,завтрак,перестать быть и превратиться в,True
30,утро,появилось,"самостоятельное время для встреч, прогулок и еды вне дома",утро,появиться,True
30,завтрак,готовят,собственный стиль,завтрак,готовить,True
30,завтрак,готовят,"узнаваемая подача, одна сильная деталь, продукт, ради которого можно зайти именно сюда",завтрак,готовить,True
30,необычность,стало важна,для дорогих ресторанов,необычность,стать важный,True
30,каждому месту,нужно,чем-то отличаться,каждый место,нужно,True
30,кто-то,делает ставку,на ностальгию и готовит домашнюю еду,кто то,делать ставка,True
30,кто-то,строит,меню вокруг вафель,кто то,строить,True
30,заведение,имеет,"свой вкус, настроение и гастрономическую амбицию",заведение,иметь,True
31,уровень удобства,зависит,от конкретного района,уровень удобство,зависеть,True
31,"метро, магазины, школы и повседневные сервисы",собираются,в пределах короткой прогулки,метро магазин школа и повседневный сервис,собираться,True
31,"то, насколько легко устроена повседневная жизнь",является,главным критерием,то насколько легко устроить повседневный жизнь,являться,True
31,базовые услуги,должны находиться,в пределах короткой прогулки или поездки на велосипеде,базовый услуга,должный находиться,True
31,"время реально нужно, чтобы дойти пешком до рельсового транспорта",влияет,на пешеходную доступность района,время реально нужно чтобы дойти пешком до рельсовый транспорт,влиять,True
31,важна,является,качество маршрута до нее,важный,являться,True
31,семь минут,ощущаются,совсем иначе,семь минута,ощущаться,True
31,район,начинает восприниматься,как цельная городская среда,район,начинать восприниматься,True
31,жизнь,становится,утомительно,жизнь,становиться,True
31,для пешей жизни,важны,"широкие тротуары, понятные переходы, освещение, зелень, бульвары и удобные общественные пространства",для пеший жизнь,важный,True
31,"Хамовники, Якиманка, Тверской, Басманный",удобны,за счет плотной городской ткани,хамовник якиманка тверской басманный,удобный,True
31,У центра,есть,избыточность маршрутов,у центр,есть,True
31,"центры у крупных транспортных узлов, где удобно без автомобиля",выигрывают,за счет транспортной связности,центр у крупный транспортный узел где удобно без автомобиль,выигрывать,True
31,Савеловский и Хорошевский,выигрывают,от близости сразу к нескольким крупным узлам,савёловский и хорошевский,выигрывать,True
31,такие районы,особенно удобны,"для тех, кто много ездит по городу на работу",такой район,особенно удобный,True
31,реальный комфорт,зависит,"от того, насколько квартал встроен в город",реальный комфорт,зависеть,True
31,в новых районах,стоит отдельно проверять,заканчивается ли инфраструктура на территории ЖК или продолжается на уровне всего района,в новый район,стоить отдельно проверять,True
31,Слабая пешеходная доступность в Москве,связана,"не с недостатками района как такового, а с устройством городской среды",слабый пешеходный доступность в москва,связать,True
31,Центральные и часть юго-западных районов,в среднем удобнее,для пешеходов,центральный и часть юго западный район,в среднее удобный,True
31,восточные и юго-восточные окраины,часто проигрывают,по этому параметру,восточный и юго восточный окраина,часто проигрывать,True
31,Различия,связаны,"с плотностью населения, количеством перекрестков, доступом к зеленым зонам и структурой уличной сети",различие,связать,True
31,любой сбой,ощущается,в быту,любой сбой,ощущаться,True
31,радиус 10–15 минут пешком вокруг дома,проверить,множество объектов,радиус 10 15 минута пешком вокруг дом,проверить,True
31,множество объектов,должны помещаться,в радиусе 10–15 минут пешком вокруг дома,множество объект,должный помещаться,True
31,район,окажется удобным,для жизни без автомобиля,район,оказаться удобный,True
31,маршрут,проходит,"вдоль шумной магистрали, через парковки или стройку",маршрут,проходить,True
31,район,переживает,сбои гораздо спокойнее,район,переживать,True
31,район,стоит пройти,ногами,район,стоить пройти,True
31,один дом,стоит,у парка и активной торговой улицы,один дом,стоить,True
31,другой,стоит,возле развязки и пустого длинного забора,другой,стоить,False
31,обычный будничный пеший маршрут,показывает,подходит ли вам этот район,обычный будничный пеший маршрут,показывать,True
32,Leo 23F по имени Грация,стало,обладательницей уникального достижения,leo 23f по имя грация,стать,True
32,Грация,принесла,10 котят из пяти выводков,грация,принести,True
32,такой показатель,стал,рекордным за всю историю научных наблюдений за дальневосточным леопардом в дикой природе,такой показатель,стать,True
32,Leo 280F,принесла,потомство,leo 280f,принести,True
32,ее родословная,состоит,из четырех поколений,она родословный,состоять,True
32,многолетний массив данных фотомониторинга,служил,источником для анализа,многолетний массив данные фотомониторинг,служить,True
32,сеть фотоловушек,позволяет,отслеживать взрослых особей,сеть фотоловушка,позволять,True
32,три потенциальные невесты,появились,у манула Тимофея,три потенциальный невеста,появиться,True
33,столицу,может накрыть,настоящая «буря» кровососущих насекомых,столица,мочь накрыть,True
33,спад численности комаров,носит,временный характер,спад численность комар,носить,True
33,популяция комаров в регионе,демонстрирует,снижение по сравнению с аналогичным периодом 2025 г.,популяция комар в регион,демонстрировать,True
33,это,это,«затишье перед бурей»,это,это,False
33,у россиян,вырос,спрос на товары для пикника,у россиянин,вырасти,True
33,лидерами продаж,стали,"мангалы, шампуры и решетки",лидер продажа,стать,True
33,средства от комаров и клещей,стали,лидерами продаж,средство от комар и клещ,стать,True
34,Валерий Леонтьев,тратит,почти $100 000 на страхование своего дома в Майами,валерий леонтьев,тратить,True
34,общее страхование дома,приходится,Около $40 000 в год,общий страхование дом,приходиться,True
34,защиту от последствий наводнений,приходится,еще $35 000,защита от последствие наводнение,приходиться,True
34,"от ущерба, который могут причинить ураганы",приходится,на $21 000,от ущерб который мочь причинить ураган,приходиться,True
34,Полис гражданской ответственности,обходится,примерно в $4000,полис гражданский ответственность,обходиться,True
34,Telegram-канал,приводит,прогнозы,telegram канал,приводить,True
34,государственная программа страхования от наводнений в США,покрывает,до $250 000 ущерба самому зданию,государственный программа страхование от наводнение в сша,покрывать,True
34,государственная программа страхования от наводнений в США,покрывает,до $100 000 ущерба находящемуся внутри имуществу,государственный программа страхование от наводнение в сша,покрывать,True
34,владельцам дорогой недвижимости,приходится страховать,дополнительные риски,владелец дорога недвижимость,приходиться страховать,True
35,Режиссер Сергей Урсуляк,начал работу,над многосерийным фильмом,режиссёр сергей урсуляк,начать работа,True
35,это,является,первым отечественным экранизацией после киноэпоса Сергея Бондарчука,это,являться,False
35,В проекте,заняты,"Сергей Маковецкий, Анна Михалкова, Алексей Серебряков, Михаил Пореченков, Светлана Крючкова и другие известные артисты",в проект,занятый,True
35,банк ВТБ,является спонсором,экранизации,банк втб,являться спонсор,True
35,Урсуляк,сообщил,о главных ролях,урсуляк,сообщить,True
35,Сергей Урсуляк,является,"режиссером, автором масштабных экранизаций русских романов",сергей урсуляк,являться,True
35,участие в проекте,стало,продолжением долгосрочной программы по поддержке культурного наследия,участие в проект,стать,True
35,банк,запустил,имиджевую кампанию «Классика вдохновляет»,банк,запустить,True
35,«Война и мир»,является,одним из самых экранизируемых произведений в истории кино,война и мир,являться,True
35,фильмы,вышли,в России,фильм,выйти,True
35,его картина «Война и мир»,была удостоена,«Оскара»,он картина война и мир,быть удостоить,True
35,его картина «Война и мир»,была удостоена,«Золотого глобуса»,он картина война и мир,быть удостоить,True
35,шестисерийный британский сериал,был выделяется,из зарубежных постановок,шестисерийный британский сериал,быть выделяться,True
36,Александр Овечкин,заключил мировое соглашение,с соседом,александр овечкин,заключить мировой соглашение,True
36,Telegram-канал Shot,сообщил,Об этом,telegram канал shot,сообщить,True
36,Овечкин,приобрел,квартиру,овечкин,приобрести,True
36,сосед,ошибся,при подключении кухонной мойки,сосед,ошибиться,True
36,Овечкин,начал сдавать,жилье в аренду,овечкин,начать сдавать,True
36,Овечкин,не всегда мог присутствовать,на слушаниях,овечкин,не всегда мочь присутствовать,True
36,он,подключался,по видеосвязи,он,подключаться,False
36,суд,прекратил,производство по делу,суд,прекратить,True
36,канал,标记为“注意”，“指出”等动词也可以作为predicat,城市名,канал,标记为“注意”，“指出”等动词也可以作为predicat,True
36,суд,обязал,Goldman Sachs выплатить компенсацию и судебные издержки,суд,обязать,True
36,суд,доказал,работы вызвали необычайно высокий уровень пыли и трещины в квартире истцов,суд,доказать,True
37,Россияне,не обязаны предъявлять,бумажный паспорт или свидетельство о рождении,россиянин,не обязать предъявлять,True
37,Цифровой ID,формируется,в профиле пользователя,цифровой id,формироваться,True
37,его,показать,сотруднику гостиницы,он,показать,False
37,гостиницы с номерным фондом более 50 мест,обязаны обеспечить,возможность заселения через цифровой ID в Max,гостиница с номерной фонд более 50 место,обязать обеспечить,True
37,пилотный проект,работал,"в двух десятках отелей Москвы, Петербурга, Сочи и Татарстана",пилотный проект,работать,True
37,функцию,планируют внедрить,в нескольких тысячах гостиниц,функция,планировать внедрить,True
38,Рыбацкая деревня Варенна,ввела,штрафы до 200 евро,рыбацкий деревня варенный,ввести,True
38,такая одежда,разрешена,на пляжах и лодочных прогулках,такой одежда,разрешить,True
38,власти,заявили,что новые правила – это реакция на наплыв туристов,власть,заявить,True
38,мэр Мауро Манцони,заявил,что качество жизни наших жителей не может быть принесено в жертву массовому туризму,мэр маурый манцони,заявить,True
38,они,отметили,на пляже делайте что хотите,они,отметить,False
38,газета,отмечает,ввели и в других популярных местах Италии,газета,отмечать,True
38,газета,сообщает,в Сорренто штрафуют за непристойное поведение в купальниках,газета,сообщать,True
38,газета,сообщает,в Портофино запретили селфи и создали зоны ожидания для туристов,газета,сообщать,True
38,Ведомости. Город,сообщал,ввели летний запрет на въезд автомобилей в исторический центр,ведомость город,сообщать,True
39,темперпы роста цен на новостройки,замедляются,пятый месяц подряд,темперп рост цена на новостройка,замедляться,True
39,стоимость квадратного метра на первичном рынке,выросла,"на 0,3%",стоимость квадратный метр на первичный рынок,вырасти,True
39,средняя цена «квадрата» в новостройках,достигла,189 500 руб.,средний цена квадрат в новостройка,достигнуть,True
39,оба сегмента,прибавили,"9,3–9,4%",оба сегмент,прибавить,True
39,льготная программа «Семейная ипотека»,может измениться,уже в этом году,льготный программа семейный ипотека,мочь измениться,True
39,ставка,может варьироваться и снижаться,от 2 до 12% годовых и по мере рождения детей,ставка,мочь варьироваться и снижаться,True
39,условия программы,сохранятся без изменений,до 1 октября этого года,условие программа,сохраниться без изменение,True
39,рыночная ипотека в России,станет доступнее,после замедления инфляции,рыночный ипотека в россия,стать доступный,True
39,цены на новостройки,будут расти или перейдут к стагнации,низкими темпами,цена на новостройка,быть расти или перейти к стагнация,True
39,Ксения Петрова,отмечает,московский рынок недвижимости,ксения петров,отмечать,True
39,московский рынок недвижимости,является,самым зрелым и самым чувствительным к ставке и доходам населения,московский рынок недвижимость,являться,True
39,спрос,определяется,реальной жилищной потребностью,спрос,определяться,True
39,региональные рынки,устойчивы,к спекулятивным колебаниям,региональный рынок,устойчивый,True
39,региональные рынки,зависимы,от локальной экономики,региональный рынок,зависимый,True
39,рынок,вошел,в фазу более осторожного спроса,рынок,войти,True
39,девелоперов,давят,"высокая стоимость проектного финансирования, рост себестоимости строительства и более рациональное поведение покупателей",девелопер,давить,True
39,в Москве,видно,в сделках,в москва,видно,True
39,Данченок,обращает внимание,на ключевой парадокс Москвы,данченок,обращать внимание,True
39,снижение спроса,не означает,автоматического снижения цен,снижение спрос,не означать,True
39,средняя цена квадратного метра в новостройках в старых границах Москвы,достигла,около 653 000 руб.,средний цена квадратный метр в новостройка в старый граница москва,достигнуть,True
39,Москва,отличается,от большинства регионов более высокой ликвидностью,москва,отличаться,True
39,рынок,гораздо более неоднороден,в регионах,рынок,гораздо более неоднородный,True
39,семейная ипотека Ксения Петрова,констатирует,"что на сегодняшний день изменений в параметрах семейной ипотеки, которые вступили бы в силу, нет",семейный ипотека ксения петров,констатировать,True
39,весь рынок,находится в режиме ожидания и внимательно следит,за дискуссией о возможной корректировке,весь рынок,находиться в режим ожидание и внимательно следить,True
39,доступность льготного финансирования,является,одним из ключевых факторов при принятии решения о покупке,доступность льготный финансирование,являться,True
39,программа,напрямую стимулирует,рождаемость,программа,напрямую стимулировать,True
39,ключевая проблема,является,"не ставка, а лимит",ключевой проблема,являться,True
39,доля семейной ипотеки в общем объеме выдач,сократится,примерно вдвое,доля семейный ипотека в общий объём выдача,сократиться,True
39,застройщики,вынуждены будут пересмотреть,продукт,застройщик,вынудить быть пересмотреть,True
39,покупатели,зависят,"от цели покупки, наличия одобренной ипотеки и горизонта планирования",покупатель,зависеть,True
39,она,выделяет,несколько факторов,она,выделять,False
39,широкий выбор предложения и программы от застройщиков,структурируется рост,себестоимость строительства,широкий выбор предложение и программа от застройщик,структурироваться рост,True
39,ожидаемое оживление спроса при снижении ключевой ставки,влияет,на рост цен,ожидать оживление спрос при снижение ключевой ставка,влиять,True
39,Петрова,советует,не откладывать,петров,советовать,True
39,"семьям, которые полностью подходят под текущие условия",стоит покупать,сейчас,семья который полностью подходить под текущий условие,стоить покупать,True
39,девелоперы,готовы давать,максимальные скидки,девелопер,готовый давать,True
39,"тем, у кого нет права на льготные программы и возможности внести большой взнос",рекомендует,отложить покупку Любимова,тем у кто нет право на льготный программа и возможность внести большой взнос,рекомендовать,True
39,Перспективные регионы,наиболее перспективны,"те регионы, куда люди едут жить и работать и где реализуются крупные инвестпроекты",перспективный регион,наиболее перспективный,True
39,Ксения Петрова,считает,"наиболее перспективны те регионы, куда люди едут жить и работать и где реализуются крупные инвестпроекты",ксения петров,считать,True
39,недвижимость,получает устойчивый спрос и прирастает в цене,за счет реального спроса,недвижимость,получать устойчивый спрос и прирастать в цена,True
39,Данченок,советует,"смотреть не на регион в целом, а на конкретные агломерации и районы с понятными драйверами роста",данченок,советовать,True
39,россияне,называют,"Москву и Санкт-Петербург, южные регионы (Краснодар, Сочи, Крым), а также города-миллионники – Казань, Екатеринбург, Новосибирск и Нижний Новгород",россиянин,называть,True
39,большая часть этих регионов,демонстрировала,положительную ценовую динамику,больший часть этот регион,демонстрировать,True
39,интересны локации,являются,локациями вокруг крупных транспортных узлов,интересный локация,являться,True
39,любимова,выделяет,три конкретных направления,любимов,выделять,True
39,южный берег крыма,является,земельным фондом,южный берег крым,являться,True
39,новые дома,строится,по современным стандартам,новый дом,строиться,True
39,новостройки,установлено,энергоэффективное оборудование,новостройка,установить,True
39,ничего,выгоднее,жить в новом жилье,ничего,выгодный,True
39,квартиры на стадии строительства,традиционно дешевле,готовых,квартира на стадия строительство,традиционно дешёвый,True
40,комплексы,работают,"комплексы с хаммамом, термальными зонами и авторскими массажными ритуалами",комплекс,работать,True
40,московские спа,дают возможность,провести настоящий день красоты прямо в городе,московский спа,давать возможность,True
40,спа-центры Москвы,делятся,на несколько форматов,спа центр москва,делиться,True
40,отельные спа,можно приехать и провести несколько часов,в полной изоляции от городского шума,отельный спа,можно приехать и провести несколько час,True
40,температура в хаммаме,держится,около 45–50 градусов,температура в хаммам,держаться,True
40,хаммам как самостоятельный формат,стоит выделить,отдельно,хаммам как самостоятельный формат,стоить выделить,True
40,хаммам,имеет,мраморные лежаки и влажность до 100%,хаммам,иметь,True
40,хаммам,подходит,"тем, кто чувствителен к высокой температуре",хаммам,подходить,True
40,это,является,исторической парной с сохранившимися интерьерами,это,являться,False
40,спа,является,"полноценным спа с различными программами, обертываниями и массажами",спа,являться,True
40,комплекс,включает,четыре мужских разряда и женский,комплекс,включать,True
40,номерные бани,стоит,"от 17 000 руб. («Лукоморье», «Купеческий») до 32 000 руб. («Камчатка», «Байкал») за 2 часа",номерной баня,стоить,True
40,парение у банщика,стоит,от 6000 руб.,парение у банщик,стоить,True
40,филиал,включает,"несколько видов парных, открытые и закрытые бассейны, купели и зоны отдыха",филиал,включать,True
40,разовый билет,стоит,от 2000 руб.,разовый билет,стоить,True
40,отзывы на TripAdvisor за 2025 г.,отмечают,"детские сауны с мультиками и открытые бассейны, работающие круглый год",отзыв на tripadvisor за 2025 г,отмечать,True
40,Ego-SPA на Ярославской,это,"скрытая жемчужина для тех, кто ищет камерность",ego spa на ярославский,это,True
40,Termoland,это,массовый формат,termoland,это,True
40,спа-бутик,работает,ежедневно с 10:00 до 22:00,спа бутик,работать,True
40,комплекс,присутствуют,"гидромассажные ванны, хаммам, финская сауна, бассейн с панорамной крышей",комплекс,присутствовать,True
40,расслабляющий массаж за час,стоит,20 000 руб.,расслаблять массаж за час,стоить,True
40,30-минутный массаж,стоит,12 000 руб.,30 минутный массаж,стоить,True
40,скульптурирующий массаж,стоит,от 22 000 руб.,скульптурировать массаж,стоить,True
40,уровень сервиса и конфиденциальности,выше,сетевых комплексах,уровень сервис и конфиденциальность,выше,True
40,Barvikha Hotel Spa,является,спа-отель в Барвихе,barvikha hotel spa,являться,True
40,спа-центр,включает,"хаммам, русскую баню, финскую сауну, паровую комнату, гидромассажные ванны, купели разных температур, два типа оздоровительных душей и салон красоты",спа центр,включать,True
40,отзывы TripAdvisor на апрель 2026 г.,характеризуют,"место как камерное, с вниманием к каждому гостю, отличным хаммамом и «балийским массажем на высоте»",отзыв tripadvisor на апрель 2026 г,характеризовать,True
40,мастер,утверждает,интенсивность и самочувствие клиента,мастер,утверждать,True
40,формат,имеет,"парный джимбаран-массаж, когда два мастера работают одновременно в течение 90 минут",формат,иметь,True
40,Записываться,рекомендуется,заранее,записываться,рекомендоваться,True
40,классический хаммам,состоит,из нескольких этапов,классический хаммам,состоять,True
40,тело,прогревается,на мраморном лежаке,тело,прогреваться,True
40,пилинг рукавичкой кессе,является,глубокое отшелушивание ороговевших клеток,пилинг рукавичка кесса,являться,True
40,ритуал,дополняют,"скрабами из морского песка, кокосового ореха или кофе",ритуал,дополнять,True
40,противопоказания,есть,сердечно-сосудистые заболевания,противопоказание,есть,True
40,противопоказания,есть,гипертония,противопоказание,есть,True
40,противопоказания,есть,ряд кожных состояний,противопоказание,есть,True
40,противопоказания,есть,беременность в первом триместре,противопоказание,есть,True
40,хаммам,переносится мягче,русская баня или финская сауна,хаммам,переноситься мягкий,True
40,температура,держится,около 45–50 градусов,температура,держаться,True
40,абсолютным противопоказаниям,относят,неконтролируемую артериальную гипертензию,абсолютный противопоказание,относить,True
40,абсолютным противопоказаниям,относят,ишемическую болезнь сердца и стенокардию,абсолютный противопоказание,относить,True
40,абсолютным противопоказаниям,относят,перенесенный инфаркт или инсульт,абсолютный противопоказание,относить,True
40,инфекции с высокой температурой,воспринимаются как,"состояние, требующее осторожности",инфекция с высокий температура,восприниматься как,True
40,воспалительные заболевания в стадии обострения,воспринимаются как,"состояние, требующее осторожности",воспалительный заболевание в стадия обострение,восприниматься как,True
40,гнойничковые и язвенные поражения кожи,воспринимаются как,"состояние, требующее осторожности",гнойничковый и язвенный поражение кожа,восприниматься как,True
40,открытые раны,воспринимаются как,"состояние, требующее осторожности",открытый рана,восприниматься как,True
40,склонность к кровотечениям,воспринимается как,"состояние, требующее осторожности",склонность к кровотечение,восприниматься как,True
40,варикозное расширение вен,воспринимается как,"состояние, требующее консультации врача",варикозный расширение вено,восприниматься как,True
40,мочекаменная болезнь,воспринимается как,"состояние, требующее консультации врача",мочекаменный болезнь,восприниматься как,True
40,желчекаменная болезнь,воспринимается как,"состояние, требующее консультации врача",желчекаменный болезнь,восприниматься как,True
40,нарушения сердечного ритма,воспринимаются как,"состояние, требующее консультации врача",нарушение сердечный ритм,восприниматься как,True
40,заболевания щитовидной железы,воспринимаются как,"состояние, требующее консультации врача",заболевание щитовидный железа,восприниматься как,True
40,беременным женщинам в первом и последнем триместрах,рекомендуется,консультация гинеколога,беременная женщина в первый и последний триместр,рекомендоваться,True
40,детям до 12 лет,рекомендуется,воздержание от хаммама,ребёнок до 12 год,рекомендоваться,True
40,грибковые инфекции кожи и ногтей,воспринимаются как,"состояние, требующее воздержания",грибковый инфекция кожа и ноготь,восприниматься как,True
40,алкогольное опьянение,воспринимается как,"состояние, требующее воздержания от хаммама",алкогольный опьянение,восприниматься как,True
40,плотный обед,воспринимается как,"состояние, требующее воздержания от хаммама",плотный обед,восприниматься как,True
41,Семейные россияне,считают себя счастливыми,"те, кто не состоит в браке",семейный россиянин,считать себя счастливый,True
41,74% состоящих в браке респондентов,считают себя счастливыми,58% холостых и незамужних,74% состоять в брак респондент,считать себя счастливый,True
41,72% участников опроса,считают семью,не только кровные родственники,72% участник опрос,считать семья,True
41,84% состоящих в отношениях россиян,проводят время,с партнером,84% состоять в отношение россиянин,проводить время,True
41,71% опрошенных,общается,с детьми,71% опросить,общаться,True
41,37% опрошенных,общается,с родителями,37% опросить,общаться,True
41,18% опрошенных,общается,с друзьями,18% опросить,общаться,True
41,мужчины,называют,партнера вторым по значимости человеком после родителей,мужчина,называть,True
41,женщины,называют,"третьим, после родителей и детей",женщина,называть,True
41,доля совпадающих критериев выбора,выросла,с 30 до почти 50%,доля совпадать критерий выбор,вырасти,True
41,мужчины,ориентироваться,на практичность жилья и семейные потребности,мужчина,ориентироваться,True
42,средний бюджет лота,вырос,на 14%,средний бюджет лот,вырасти,True
42,объекты дороже 400 млн руб.,занимают,наибольшую долю в структуре предложения,объект дорогой 400 млн руб,занимать,True
42,доля лотов в диапазоне 50–85 млн руб.,сократилась,до 14%,доля лотовый в диапазон 50 85 млн руб,сократиться,True
42,сегмент 125–150 млн руб.,потерял,2 п.п.,сегмент 125 150 млн руб,потерять,True
42,средневзвешенная цена квадратного метра,достигла,"1,743 млн руб.",средневзвешенный цена квадратный метр,достигнуть,True
42,рейтинг районов по средневзвешенной цене квадратного метра,возглавил,Тверской район,рейтинг район по средневзвешенный цена квадратный метр,возглавить,True
42,Хамовники,занимает,второе место,хамовник,занимать,True
42,Якиманка,замыкает,тройку,якиманка,замыкать,True
42,спрос на вторичном рынке в сегменте высокобюджетной недвижимости за второй квартал 2026 г.,показал небольшое снижение,по количеству сделок на 6%,спрос на вторичный рынок в сегмент высокобюджетный недвижимость за второй квартал 2026 г,показать небольшой снижение,True
42,спрос на вторичном рынке в сегменте высокобюджетной недвижимости за второй квартал 2026 г.,показал небольшое снижение,по количеству сделок на 48%,спрос на вторичный рынок в сегмент высокобюджетный недвижимость за второй квартал 2026 г,показать небольшой снижение,True
42,спрос,вырос,на 57%,спрос,вырасти,True
42,средняя стоимость приобретенного лота за первое полугодие 2026 г.,составила,"150 млн руб., что на 5% меньше, чем год назад",средний стоимость приобрести лот за первый полугодие 2026 г,составить,True
43,Т-Банк,запустил,федеральный проект «Локальный код»,так банк,запустить,True
43,бизнес-фестивали,пройдут,в крупнейших городах России,бизнес фестиваль,пройти,True
43,спикеры,приняли участие,в деловой программе,спикер,принять участие,True
43,арт-объект,был установлен,в виде маяка,арт объект,быть установить,True
43,программа,включает,образовательные мероприятия для начинающих предпринимателей,программа,включать,True
43,исследование регионального бизнеса,станет,важной составляющей проекта,исследование региональный бизнес,стать,True
43,аналитики,изучат,рыночную конъюнктуру,аналитик,изучить,True
43,аналитики, проведут,опросы жителей,аналитик,провести,True
43,аналитики,определят,наиболее узнаваемые локальные бренды,аналитик,определить,True
43,результаты,будут опубликованы,в специальном разделе издания о бизнесе «Т-Бизнес секреты»,результат,быть опубликовать,True
43,малому бизнесу,требуется,комплексная поддержка,малый бизнес,требоваться,True
43,проект,направлен,на обмен опытом между предпринимателями,проект,направить,True
43,его результаты,станут,энциклопедией российского бизнеса,он результат,стать,True
44,мы,получили,три фотографии трех претенденток на его лапу и сердце,мы,получить,False
44,специалисты,должны проверить,генетику и состояние здоровья самок,специалист,должный проверить,True
44,Акулова,добавила,что процесс знакомства пары будет скрыт от глаз посетителей,акуловый,добавить,True
44,японский зоопарк Хигасияма,отказался предоставить,самку манула для московского Тимофея,японский зоопарк хигасиям,отказаться предоставить,True
44,Тимофею,не получилось найти,«невест» во Франции и Польше,тимофей,не получиться найти,True
45,Федеральный национальный совет ОАЭ,одобрил,новый законопроект о защите культурного наследия,федеральный национальный совет оаэ,одобрить,True
45,документ,вводит,"жесткие санкции за умышленное повреждение, кражу или контрабанду древностей и культурных ценностей",документ,вводить,True
45,"закон, принятый 8 июля",распространяется,"на все эмираты, включая свободные экономические зоны",закон принять 8 июль,распространяться,True
45,закон,охватывает,"не только материальные памятники, но и нематериальное, природное и цифровое наследие, а также подводные объекты",закон,охватывать,True
45,особое внимание,уделено,исторической архитектуре,особый внимание,уделить,True
45,"любой, кто случайно обнаружил предметы старины или узнал об их существовании",обязан,"не прикасаться к ним и уведомить Министерство культуры, компетентный орган или полицию в течение 48 часов",любой кто случайно обнаружить предмет старина или узнать о они существование,обязать,True
45,сообщение,предусмотрено,вознаграждение,сообщение,предусмотреть,True
45,"умышленное повреждение, снос, осквернение, кража, контрабанда или незаконные строительные работы на объектах наследия",предусмотрено,до 10 лет тюрьмы и штраф от 500 000 дирхамов (более $136 150) до 10 млн дирхамов,умышленный повреждение снос осквернение кража контрабанда или незаконный строительный работа на объект наследие,предусмотреть,True
45,владелец объекта,считается,отягчающим обстоятельством,владелец объект,считаться,True
45,"нелегальные раскопки, использование объектов наследия как свалок, подделку артефактов или осквернение культурных ценностей",караются,"до 10 лет тюрьмы и штраф от 300 000 дирхамов ($81 700) до 5 млн дирхамов ($1,361 млн)",нелегальный раскопка использование объект наследие как свалка подделка артефакт или осквернение культурный ценность,караться,True
45,за менее тяжкие нарушения,могут,до трех лет тюрьмы и штраф от 100 000 дирхамов,за менее тяжкий нарушение,мочь,True
45,суды,могут,"конфисковать предметы наследия, инструменты и оборудование",суд,мочь,True
45,прокуратура Шарджи,предупредила,жителей ОАЭ,прокуратура шарджа,предупредить,True
45,прокуратура Шарджи,сообщила,жителей ОАЭ,прокуратура шарджа,сообщить,True
46,Аня Тейлор-Джой,скрывается,от бандитов и ФБР,аня тейлор джа,скрываться,True
46,Аскар Ильясов,разобраться,в себе,аскар ильяс,разобраться,True
46,«Ведомости. Город»,выбрал,самые интересные сериалы июля,ведомость город,выбрать,True
46,«Эль» Amazon Prime Video,является,приквелом к «Блондинке в законе»,эль amazon prime video,являться,True
46,«Блондинка в законе 3»,должна была стать,прямым продолжением первых двух частей и показать героиню в зрелом возрасте,блондинка в закон 3,должный быть стать,True
46,Эль Вудс,помчалась вслед за женихом,покорять юридический факультет Гарвардского университета,эль вудс,помчаться вслед за жених,True
46,16-летняя героиня,перебирается,в Сиэтл,16 летний героиня,перебираться,True
46,полная позитива Эль в розовом и в обнимку с чихуахуа,оказывается,в мире хмурых типов в черных джинсах и мятых клетчатых рубашках,полный позитив эль в розовый и в обнимка с чихуахуа,оказываться,True
46,шоураннерами,стали,Лаура Киттрелл и Кэролайн Дрис,шоураннер,стать,True
46,в главной роли,–,начинающая актриса Лекси Майнтри,в главный роль,,True
46,ее отца,играет,Том Эверетт Скотт,она отец,играть,True
46,мать,–,Джун Рафаэль,мать,,True
46,Риз Уизерспун,выступает,в качестве исполнительного продюсера,риза уизерспун,выступать,True
46,сезон,будет состоять,из 8 эпизодов,сезон,быть состоять,True
46,постапокалиптическая антиутопия,с,Ребеккой Фергюсон с 3 июля,постапокалиптический антиутопия,с,True
46,население,принимает,эту версию,население,принимать,True
46,«Укрытие»,основано,на популярной серии книг американского писателя Хью Хауи,укрытие,основать,True
46,героиня Фергюсон,теряет,память,героиня фергюсон,терять,True
46,подземный город,будет восстанавливаться,от последствий восстания,подземный город,быть восстанавливаться,True
46,сериал,будет переноситься,"во времена, предшествующие катастрофе",сериал,быть переноситься,True
46,Грэм Йост,остается,шоураннером проекта,грэм йост,оставаться,True
46,Коммон и Харриет Уолтер,вернулись,к своим ролям,коммона и харриета уолтер,вернуться,True
46,Эшли Цукерман и Джессика Хенвик,играют,новых персонажей,эшли цукерман и джессика хенвика,играть,True
46,«Уик-энд на пять звезд» Peacock,с,9 июля,уик энд на пять звезда peacock,с,True
46,драма о подведении итогов прожитой жизни,имеет,хороший актерский состав,драма о подведение итог прожить жизнь,иметь,True
46,"Женщина, ведущая блог о еде",переживает,психологический кризис,женщина ведущий блог о еда,переживать,True
46,она,решает,устроить шикарные выходные на острове в компании четырех подруг,она,решать,False
46,одна,является,лучшая подруга детства,один,являться,True
46,другая,является,соседка по комнате в студенческом общежитии,другой,являться,False
46,третьей героиня,сблизилась,когда у той родилась дочь,третий героиня,сблизиться,True
46,четвертая,является,"онлайн-знакомая, с которой героиня подружилась через свой блог",четвёртый,являться,True
46,журнал New York,провозгласил,королевой пляжного чтива,журнал new york,провозгласить,True
46,Netflix,выпустил,сериальную адаптацию ее детектива «Идеальная пара»,netflix,выпустить,True
46,Подруг,играют,Хлоя Севиньи,подруга,играть,True
46,Бека Брунштеттер,написала,сценарии,бек брунштеттер,написать,True
46,Паша,учился,в Гнесинке,паша,учиться,True
46,Паша,живет,с мамой,паша,жить,True
46,Паша,подрабатывает,настройщиком фортепиано,паша,подрабатывать,True
46,Жизнь,требует,Пашиного внимания,жизнь,требовать,True
46,ему,должно помочь,знакомство с грубоватой несостоявшейся актрисой Женей,он,должный помочь,False
46,сериал,поставили,Антон Коломеец,сериал,поставить,True
46,Антон Коломеец,снявший,драму «Свет»,антон коломеец,снять,True
46,Аскар Ильясов,является,заглавной ролью,аскар ильяс,являться,True
46,актрису,играет,Ирина Горбачева,актриса,играть,True
46,Татьяна Догилева,является,добрую бабушку Паши,татьяна догилев,являться,True
46,«Вестис»,является,мафия выходцев из Ирландии,вестис,являться,True
46,действие,разворачивается,в криминальном районе Адской кухни,действие,разворачиваться,True
46,противостояние двух парней,выросло,на одних улицах,противостояние два парень,вырасти,True
46,первый,хочет заработать,на строительстве роскошного бизнес-центра имени Джейкоба Джейвитса,первый,хотеть заработать,True
46,второй,разрывается,между профессиональным долгом и кровными связями с районом и ирландской диаспорой,второй,разрываться,True
46,Симмонс,играет,члена Вестис,симмонс,играть,True
46,Титус Уэлливер,играет,полицейского,титус уэлливер,играть,True
46,Лаки Армстронг,ездила,"по стране, обманывая людей и нигде надолго не задерживаясь",лак армстронг,ездить,True
46,Лаки Армстронг,ездила,с отцом-авантюристом,лак армстронг,ездить,True
46,Лаки Армстронг,ездила,с парнем,лак армстронг,ездить,True
46,Лаки Армстронг,хочет,найти свою мать,лак армстронг,хотеть,True
46,Лаки Армстронг,хочет,придумать способ обналичить выигрышный лотерейный билет,лак армстронг,хотеть,True
46,Онжаню Эллис,играет,в «Король Ричард»,онжаня эллис,играть,True
46,Уильям Фихтнер,играет,в «Идеальный шторм»,уильям фихтнер,играть,True
46,Джонатан Троппер,создал,«Банши»,джонатан троппер,создать,True
46,Кэсси Паппас,создала,«Допрос»,кэсся паппас,создать,True
46,Анастасия Красовская,играет,в «Фейк»,анастасия красовский,играть,True
46,Наталья Дубовая,написала,сценарий,наталья дубовый,написать,True
46,Нина Беленицкая,написала,сценарий,нина беленицкий,написать,True
46,Алексей Кузмин-Тарасов,снял,сериал,алексей кузмина тарасов,снять,True
46,Стюарт Блум,сломал,устройство,стюарт блум,сломать,True
46,Стюарт Блум,запустил,процесс,стюарт блум,запустить,True
46,Стюарт Блум,должен исправить,ситуацию,стюарт блум,должный исправить,True
46,Стюарт Блум,восстановит,реальность,стюарт блум,восстановить,True
46,компания,будет попадать,в разные параллельные вселенные,компания,быть попадать,True
46,проект,стоят,создатели оригинального ситкома,проект,стоять,True
46,сезон,состоит,из десяти эпизодов,сезон,состоять,True
47,Швейцарский Цюрих,возглавил,мировой рейтинг стоимости жизни,швейцарский цюрих,возглавить,True
47,547 городов мира,вошли,в исследование,547 город мир,войти,True
47,аналитики,сравнили,стоимость повседневных товаров и услуг,аналитик,сравнить,True
47,Москва,заняла,307-е место,москва,занять,True
47,Санкт-Петербург,расположился,на 381-й строчке,санкт петербург,расположиться,True
47,"Лондон, Копенгаген, Амстердам, Осло, Париж, Вена и Прага",стали лидерами,среди европейских столиц,лондон копенгаген амстердам осло париж вена и прага,стать лидер,True
47,индийские города,замыкают,рейтинг,индийский город,замыкать,True
47,19 индийских городов,заняли,самыми доступными по стоимости жизни,19 индийский город,занять,True
47,Нижний Новгород,стал,самым безопасным российским городом,нижний новгород,стать,True
47,Нижний Новгород,занял,"59-е место с индексом безопасности 72,0, опередив Москву и Санкт-Петербург",нижний новгород,занять,True
48,Швейцарский банк Julius Baer,опубликовал,ежегодный рейтинг,швейцарский банк julius baer,опубликовать,True
48,Сингапур,стал,лидером,сингапур,стать,True
48,Сингапур,лидировал,"высоким ценам на недвижимость и автомобили, а также устойчивому курсу местной валюты",сингапур,лидировать,True
48,Цюрих и Монако,вошли,в тройку,цюрих и монако,войти,True
48,Гонконг,опустился,на четвертое место,гонконг,опуститься,True
48,Лондон,опустился,на пятое место,лондон,опуститься,True
48,индекс,охватывает,25 крупнейших городов мира,индекс,охватывать,True
48,рейтинг,замкнул,Ванкувер,рейтинг,замкнуть,True
48,Йоханнесбург,поднялся,на одно место,йоханнесбург,подняться,True
48,Манила,сохранила,место,манила,сохранить,True
48,перестановки в рейтинге,были вызваны,курсовыми колебаниями,перестановка в рейтинг,быть вызвать,True
48,укрепление швейцарского франка и евро,подтолкнуло,вверх европейские города,укрепление швейцарский франк и евро,подтолкнуть,True
48,Дубай,опустился,с седьмого на 14-е место,дубай,опуститься,True
48,Сидней,поднялся,на шесть позиций до восьмого места,сидней,подняться,True
48,стоимость премиальной жизни,выросла,"в среднем на 10,2%",стоимость премиальный жизнь,вырасти,True
48,предметы роскоши,подорожали,"на 12,3%",предмет роскошь,подорожать,True
48,цены на ювелирные изделия,выросли,"+16,4%",цена на ювелирный изделие,вырасти,True
48,цены на часы,выросли,"+15,5%",цена на часы,вырасти,True
48,геополитическая неопределенность,беспокоит,от 82 до 95% участников рынка,геополитический неопределённость,беспокоить,True
48,инвесторы Азиатско-Тихоокеанского региона,пересматривают,портфели,инвестор азиатско тихоокеанский регион,пересматривать,True
48,43% респондентов,сократили,допустимый уровень риска,43% респондент,сократить,True
